-- phpMyAdmin SQL Dump
-- version 4.9.0.1
-- https://www.phpmyadmin.net/
--
-- Host: 127.0.0.1
-- Waktu pembuatan: 02 Des 2020 pada 16.51
-- Versi server: 10.4.6-MariaDB
-- Versi PHP: 7.3.9

SET SQL_MODE = "NO_AUTO_VALUE_ON_ZERO";
SET AUTOCOMMIT = 0;
START TRANSACTION;
SET time_zone = "+00:00";


/*!40101 SET @OLD_CHARACTER_SET_CLIENT=@@CHARACTER_SET_CLIENT */;
/*!40101 SET @OLD_CHARACTER_SET_RESULTS=@@CHARACTER_SET_RESULTS */;
/*!40101 SET @OLD_COLLATION_CONNECTION=@@COLLATION_CONNECTION */;
/*!40101 SET NAMES utf8mb4 */;

--
-- Database: `school_payment`
--

-- --------------------------------------------------------

--
-- Struktur dari tabel `bills`
--

CREATE TABLE `bills` (
  `id` int(11) NOT NULL,
  `students_id` int(11) NOT NULL,
  `bills_category_id` int(11) NOT NULL,
  `name` varchar(100) NOT NULL,
  `amount` decimal(10,0) NOT NULL DEFAULT 0,
  `status` enum('Unpaid','Paid') CHARACTER SET utf8 NOT NULL DEFAULT 'Unpaid',
  `lunas` enum('0','1') NOT NULL DEFAULT '0',
  `duedate` date NOT NULL,
  `payment` int(1) NOT NULL DEFAULT 0,
  `note` text CHARACTER SET latin1 DEFAULT NULL,
  `softdelete` enum('1','0') CHARACTER SET latin1 NOT NULL DEFAULT '0',
  `users_id` int(11) NOT NULL,
  `created_at` datetime NOT NULL,
  `updated_at` datetime NOT NULL
) ENGINE=InnoDB DEFAULT CHARSET=utf32;

--
-- Dumping data untuk tabel `bills`
--

INSERT INTO `bills` (`id`, `students_id`, `bills_category_id`, `name`, `amount`, `status`, `lunas`, `duedate`, `payment`, `note`, `softdelete`, `users_id`, `created_at`, `updated_at`) VALUES
(17, 3, 7, 'Pembayaran SPP', '100000', 'Paid', '1', '2020-01-28', 1, 'Segera', '0', 1, '2020-01-27 16:42:02', '2020-01-27 18:18:31'),
(18, 3, 6, 'Pembayaran Ujian Smester Genap', '120000', 'Paid', '1', '2020-01-30', 1, '-', '0', 1, '2020-01-27 17:33:42', '2020-01-27 19:00:59'),
(19, 4, 7, 'Pembayaran SPP Januari', '100000', 'Paid', '1', '2020-01-29', 1, '-', '0', 1, '2020-01-27 20:10:44', '2020-01-28 11:49:28'),
(20, 4, 6, 'Ujian Semester Genap', '120000', 'Paid', '1', '2020-01-31', 1, '-', '0', 1, '2020-01-27 20:11:14', '2020-01-28 11:52:13'),
(21, 4, 3, 'Buku LKS ', '50000', 'Paid', '0', '2020-01-30', 0, 'Pembayaran Buku LKS K-13', '0', 1, '2020-01-28 11:08:34', '2020-01-28 11:08:34'),
(22, 3, 3, 'xcv', '40000', 'Paid', '1', '2020-12-02', 1, '', '0', 1, '2020-12-02 22:33:44', '2020-12-02 22:36:15');

-- --------------------------------------------------------

--
-- Struktur dari tabel `bills_category`
--

CREATE TABLE `bills_category` (
  `id` int(11) NOT NULL,
  `bills_category_name` varchar(50) NOT NULL,
  `bills_category_status` enum('Tetap','Tidak Tetap') NOT NULL DEFAULT 'Tidak Tetap',
  `created_at` datetime NOT NULL,
  `updated_at` datetime NOT NULL,
  `softdelete` enum('0','1') NOT NULL DEFAULT '0'
) ENGINE=InnoDB DEFAULT CHARSET=latin1;

--
-- Dumping data untuk tabel `bills_category`
--

INSERT INTO `bills_category` (`id`, `bills_category_name`, `bills_category_status`, `created_at`, `updated_at`, `softdelete`) VALUES
(1, 'Formulir', 'Tidak Tetap', '2018-08-04 11:31:42', '2018-08-04 11:31:42', '0'),
(2, 'Uang Pangkal', 'Tidak Tetap', '2018-08-04 11:31:42', '2018-08-04 11:31:42', '0'),
(3, 'Uang Buku', 'Tidak Tetap', '2018-08-04 11:31:42', '2018-08-04 11:31:42', '0'),
(4, 'Uang Seragam', 'Tidak Tetap', '2018-08-04 11:31:42', '2018-08-04 11:31:42', '0'),
(5, 'Uang Tahunan', 'Tidak Tetap', '2018-08-04 11:31:42', '2018-08-04 11:31:42', '0'),
(6, 'Uang Ujian', 'Tidak Tetap', '2018-08-04 11:31:42', '2018-08-04 11:31:42', '0'),
(7, 'SPP', 'Tetap', '2018-08-04 11:31:42', '2018-08-04 11:31:42', '0'),
(8, 'Uang Transport', 'Tidak Tetap', '2018-08-04 11:31:42', '2018-08-04 11:31:42', '0'),
(9, 'Lainnya', 'Tidak Tetap', '2018-08-04 11:31:42', '2018-08-04 11:31:42', '0');

-- --------------------------------------------------------

--
-- Struktur dari tabel `bills_status`
--

CREATE TABLE `bills_status` (
  `id` int(11) NOT NULL,
  `bills_status_name` varchar(11) NOT NULL,
  `created_at` datetime NOT NULL,
  `updated_at` datetime NOT NULL,
  `softdelete` enum('0','1') NOT NULL DEFAULT '0'
) ENGINE=InnoDB DEFAULT CHARSET=latin1;

--
-- Dumping data untuk tabel `bills_status`
--

INSERT INTO `bills_status` (`id`, `bills_status_name`, `created_at`, `updated_at`, `softdelete`) VALUES
(1, 'Unpaid', '2018-05-09 17:41:40', '2018-05-11 10:48:50', '0'),
(2, 'Paid', '0000-00-00 00:00:00', '0000-00-00 00:00:00', '0');

-- --------------------------------------------------------

--
-- Struktur dari tabel `ci_sessions`
--

CREATE TABLE `ci_sessions` (
  `id` varchar(128) NOT NULL,
  `ip_address` varchar(45) NOT NULL,
  `timestamp` int(10) UNSIGNED NOT NULL DEFAULT 0,
  `data` blob NOT NULL
) ENGINE=InnoDB DEFAULT CHARSET=utf32;

--
-- Dumping data untuk tabel `ci_sessions`
--

INSERT INTO `ci_sessions` (`id`, `ip_address`, `timestamp`, `data`) VALUES
('7jn12o0iar5nvqpmdo45vc0jqb8mh0lo', '::1', 1580118071, 0x5f5f63695f6c6173745f726567656e65726174657c693a313538303131383037313b6163746976655f757365727c4f3a383a22737464436c617373223a31313a7b733a323a226964223b733a313a2231223b733a383a2267726f75705f6964223b733a313a2231223b733a383a22757365726e616d65223b733a373a2264616669647072223b733a343a226e616d65223b733a31343a22446166696420507261736574796f223b733a353a22656d61696c223b733a31353a2261646d696e40676d61696c2e636f6d223b733a383a2270617373776f7264223b733a363a22313233343536223b733a343a22666f746f223b733a303a22223b733a31303a22637265617465645f6174223b733a31393a22323031382d30352d30392031363a33373a3331223b733a31303a22757064617465645f6174223b733a31393a22323031382d30352d30392031363a33373a3334223b733a31303a22736f667464656c657465223b733a313a2230223b733a31303a2267726f75705f6e616d65223b733a31333a2241646d696e6973747261746f72223b7d),
('h8gk3q0gpnd83ejn7lrtimahmfdlioah', '::1', 1580118372, 0x5f5f63695f6c6173745f726567656e65726174657c693a313538303131383337323b6163746976655f757365727c4f3a383a22737464436c617373223a31313a7b733a323a226964223b733a313a2231223b733a383a2267726f75705f6964223b733a313a2231223b733a383a22757365726e616d65223b733a373a2264616669647072223b733a343a226e616d65223b733a31343a22446166696420507261736574796f223b733a353a22656d61696c223b733a31353a2261646d696e40676d61696c2e636f6d223b733a383a2270617373776f7264223b733a363a22313233343536223b733a343a22666f746f223b733a303a22223b733a31303a22637265617465645f6174223b733a31393a22323031382d30352d30392031363a33373a3331223b733a31303a22757064617465645f6174223b733a31393a22323031382d30352d30392031363a33373a3334223b733a31303a22736f667464656c657465223b733a313a2230223b733a31303a2267726f75705f6e616d65223b733a31333a2241646d696e6973747261746f72223b7d),
('osq9qa43fcv9ggnj6mbtlgbu92m997d1', '::1', 1580119056, 0x5f5f63695f6c6173745f726567656e65726174657c693a313538303131393035363b6163746976655f757365727c4f3a383a22737464436c617373223a31313a7b733a323a226964223b733a313a2231223b733a383a2267726f75705f6964223b733a313a2231223b733a383a22757365726e616d65223b733a373a2264616669647072223b733a343a226e616d65223b733a31343a22446166696420507261736574796f223b733a353a22656d61696c223b733a31353a2261646d696e40676d61696c2e636f6d223b733a383a2270617373776f7264223b733a363a22313233343536223b733a343a22666f746f223b733a303a22223b733a31303a22637265617465645f6174223b733a31393a22323031382d30352d30392031363a33373a3331223b733a31303a22757064617465645f6174223b733a31393a22323031382d30352d30392031363a33373a3334223b733a31303a22736f667464656c657465223b733a313a2230223b733a31303a2267726f75705f6e616d65223b733a31333a2241646d696e6973747261746f72223b7d),
('6cfhnq2o2jv1eppdbelrpe2tpdmc8ub7', '::1', 1580120607, 0x5f5f63695f6c6173745f726567656e65726174657c693a313538303132303630373b),
('eklsi88g8dgpnva81tq3q2n27f8okgic', '::1', 1580120928, 0x5f5f63695f6c6173745f726567656e65726174657c693a313538303132303932383b6163746976655f757365727c4f3a383a22737464436c617373223a31313a7b733a323a226964223b733a313a2231223b733a383a2267726f75705f6964223b733a313a2231223b733a383a22757365726e616d65223b733a373a2264616669647072223b733a343a226e616d65223b733a31343a22446166696420507261736574796f223b733a353a22656d61696c223b733a31353a2261646d696e40676d61696c2e636f6d223b733a383a2270617373776f7264223b733a363a22313233343536223b733a343a22666f746f223b733a303a22223b733a31303a22637265617465645f6174223b733a31393a22323031382d30352d30392031363a33373a3331223b733a31303a22757064617465645f6174223b733a31393a22323031382d30352d30392031363a33373a3334223b733a31303a22736f667464656c657465223b733a313a2230223b733a31303a2267726f75705f6e616d65223b733a31333a2241646d696e6973747261746f72223b7d),
('8lean751fdsifgk0a4hqbmtolk2ps2ba', '::1', 1580121286, 0x5f5f63695f6c6173745f726567656e65726174657c693a313538303132313238363b6163746976655f757365727c4f3a383a22737464436c617373223a31313a7b733a323a226964223b733a313a2231223b733a383a2267726f75705f6964223b733a313a2231223b733a383a22757365726e616d65223b733a373a2264616669647072223b733a343a226e616d65223b733a31343a22446166696420507261736574796f223b733a353a22656d61696c223b733a31353a2261646d696e40676d61696c2e636f6d223b733a383a2270617373776f7264223b733a363a22313233343536223b733a343a22666f746f223b733a303a22223b733a31303a22637265617465645f6174223b733a31393a22323031382d30352d30392031363a33373a3331223b733a31303a22757064617465645f6174223b733a31393a22323031382d30352d30392031363a33373a3334223b733a31303a22736f667464656c657465223b733a313a2230223b733a31303a2267726f75705f6e616d65223b733a31333a2241646d696e6973747261746f72223b7d),
('7ncn5vlg8qnim67b9i5i42jube1tdpv8', '::1', 1580121639, 0x5f5f63695f6c6173745f726567656e65726174657c693a313538303132313633393b6163746976655f757365727c4f3a383a22737464436c617373223a31313a7b733a323a226964223b733a313a2231223b733a383a2267726f75705f6964223b733a313a2231223b733a383a22757365726e616d65223b733a373a2264616669647072223b733a343a226e616d65223b733a31343a22446166696420507261736574796f223b733a353a22656d61696c223b733a31353a2261646d696e40676d61696c2e636f6d223b733a383a2270617373776f7264223b733a363a22313233343536223b733a343a22666f746f223b733a303a22223b733a31303a22637265617465645f6174223b733a31393a22323031382d30352d30392031363a33373a3331223b733a31303a22757064617465645f6174223b733a31393a22323031382d30352d30392031363a33373a3334223b733a31303a22736f667464656c657465223b733a313a2230223b733a31303a2267726f75705f6e616d65223b733a31333a2241646d696e6973747261746f72223b7d),
('e8cqs8bavae1nl3um8goifraf63etkis', '::1', 1580121978, 0x5f5f63695f6c6173745f726567656e65726174657c693a313538303132313937383b6163746976655f757365727c4f3a383a22737464436c617373223a31313a7b733a323a226964223b733a313a2231223b733a383a2267726f75705f6964223b733a313a2231223b733a383a22757365726e616d65223b733a373a2264616669647072223b733a343a226e616d65223b733a31343a22446166696420507261736574796f223b733a353a22656d61696c223b733a31353a2261646d696e40676d61696c2e636f6d223b733a383a2270617373776f7264223b733a363a22313233343536223b733a343a22666f746f223b733a303a22223b733a31303a22637265617465645f6174223b733a31393a22323031382d30352d30392031363a33373a3331223b733a31303a22757064617465645f6174223b733a31393a22323031382d30352d30392031363a33373a3334223b733a31303a22736f667464656c657465223b733a313a2230223b733a31303a2267726f75705f6e616d65223b733a31333a2241646d696e6973747261746f72223b7d),
('34vfj5o3fvt31ajiqudd8rphpb1rsvg1', '::1', 1580123356, 0x5f5f63695f6c6173745f726567656e65726174657c693a313538303132333335363b6163746976655f757365727c4f3a383a22737464436c617373223a31313a7b733a323a226964223b733a313a2232223b733a383a2267726f75705f6964223b733a313a2232223b733a383a22757365726e616d65223b733a373a2266696e616e6365223b733a343a226e616d65223b733a373a2246696e616e6365223b733a353a22656d61696c223b733a31373a2266696e616e636540676d61696c2e636f6d223b733a383a2270617373776f7264223b733a363a22313233343536223b733a343a22666f746f223b733a31383a2232303138313031353136303433392e706e67223b733a31303a22637265617465645f6174223b733a31393a22303030302d30302d30302030303a30303a3030223b733a31303a22757064617465645f6174223b733a31393a22303030302d30302d30302030303a30303a3030223b733a31303a22736f667464656c657465223b733a313a2230223b733a31303a2267726f75705f6e616d65223b733a383a224b6575616e67616e223b7d),
('je05hbqfjk6dju5sm02sj1646eupl8fk', '::1', 1580123663, 0x5f5f63695f6c6173745f726567656e65726174657c693a313538303132333636333b6163746976655f757365727c4f3a383a22737464436c617373223a31313a7b733a323a226964223b733a313a2232223b733a383a2267726f75705f6964223b733a313a2232223b733a383a22757365726e616d65223b733a373a2266696e616e6365223b733a343a226e616d65223b733a373a2246696e616e6365223b733a353a22656d61696c223b733a31373a2266696e616e636540676d61696c2e636f6d223b733a383a2270617373776f7264223b733a363a22313233343536223b733a343a22666f746f223b733a31383a2232303138313031353136303433392e706e67223b733a31303a22637265617465645f6174223b733a31393a22303030302d30302d30302030303a30303a3030223b733a31303a22757064617465645f6174223b733a31393a22303030302d30302d30302030303a30303a3030223b733a31303a22736f667464656c657465223b733a313a2230223b733a31303a2267726f75705f6e616d65223b733a383a224b6575616e67616e223b7d),
('jf936tfe7u0e5p55kk7dkjm1ab2p2iaa', '::1', 1580124194, 0x5f5f63695f6c6173745f726567656e65726174657c693a313538303132343139343b6163746976655f757365727c4f3a383a22737464436c617373223a31313a7b733a323a226964223b733a313a2232223b733a383a2267726f75705f6964223b733a313a2232223b733a383a22757365726e616d65223b733a373a2266696e616e6365223b733a343a226e616d65223b733a373a2246696e616e6365223b733a353a22656d61696c223b733a31373a2266696e616e636540676d61696c2e636f6d223b733a383a2270617373776f7264223b733a363a22313233343536223b733a343a22666f746f223b733a31383a2232303138313031353136303433392e706e67223b733a31303a22637265617465645f6174223b733a31393a22303030302d30302d30302030303a30303a3030223b733a31303a22757064617465645f6174223b733a31393a22303030302d30302d30302030303a30303a3030223b733a31303a22736f667464656c657465223b733a313a2230223b733a31303a2267726f75705f6e616d65223b733a383a224b6575616e67616e223b7d),
('1cerkjuphqg1pb6nuis1mrjub000fc5s', '::1', 1580124499, 0x5f5f63695f6c6173745f726567656e65726174657c693a313538303132343439393b6163746976655f757365727c4f3a383a22737464436c617373223a31313a7b733a323a226964223b733a313a2232223b733a383a2267726f75705f6964223b733a313a2232223b733a383a22757365726e616d65223b733a373a2266696e616e6365223b733a343a226e616d65223b733a373a2246696e616e6365223b733a353a22656d61696c223b733a31373a2266696e616e636540676d61696c2e636f6d223b733a383a2270617373776f7264223b733a363a22313233343536223b733a343a22666f746f223b733a31383a2232303138313031353136303433392e706e67223b733a31303a22637265617465645f6174223b733a31393a22303030302d30302d30302030303a30303a3030223b733a31303a22757064617465645f6174223b733a31393a22303030302d30302d30302030303a30303a3030223b733a31303a22736f667464656c657465223b733a313a2230223b733a31303a2267726f75705f6e616d65223b733a383a224b6575616e67616e223b7d),
('cpim9q9u0s3kg7n65fjpat2ig5dqh28d', '::1', 1580124889, 0x5f5f63695f6c6173745f726567656e65726174657c693a313538303132343838393b6163746976655f757365727c4f3a383a22737464436c617373223a31313a7b733a323a226964223b733a313a2232223b733a383a2267726f75705f6964223b733a313a2232223b733a383a22757365726e616d65223b733a373a2266696e616e6365223b733a343a226e616d65223b733a373a2246696e616e6365223b733a353a22656d61696c223b733a31373a2266696e616e636540676d61696c2e636f6d223b733a383a2270617373776f7264223b733a363a22313233343536223b733a343a22666f746f223b733a31383a2232303138313031353136303433392e706e67223b733a31303a22637265617465645f6174223b733a31393a22303030302d30302d30302030303a30303a3030223b733a31303a22757064617465645f6174223b733a31393a22303030302d30302d30302030303a30303a3030223b733a31303a22736f667464656c657465223b733a313a2230223b733a31303a2267726f75705f6e616d65223b733a383a224b6575616e67616e223b7d),
('6fe6q7vddjdtbm0bbo9aem83tmtfkobs', '::1', 1580125247, 0x5f5f63695f6c6173745f726567656e65726174657c693a313538303132353234373b6163746976655f757365727c4f3a383a22737464436c617373223a31313a7b733a323a226964223b733a313a2232223b733a383a2267726f75705f6964223b733a313a2232223b733a383a22757365726e616d65223b733a373a2266696e616e6365223b733a343a226e616d65223b733a373a2246696e616e6365223b733a353a22656d61696c223b733a31373a2266696e616e636540676d61696c2e636f6d223b733a383a2270617373776f7264223b733a363a22313233343536223b733a343a22666f746f223b733a31383a2232303138313031353136303433392e706e67223b733a31303a22637265617465645f6174223b733a31393a22303030302d30302d30302030303a30303a3030223b733a31303a22757064617465645f6174223b733a31393a22303030302d30302d30302030303a30303a3030223b733a31303a22736f667464656c657465223b733a313a2230223b733a31303a2267726f75705f6e616d65223b733a383a224b6575616e67616e223b7d),
('q5ceopmivj8h12rp21d3o9f0fc60erof', '::1', 1580125606, 0x5f5f63695f6c6173745f726567656e65726174657c693a313538303132353630363b6163746976655f757365727c4f3a383a22737464436c617373223a31313a7b733a323a226964223b733a313a2232223b733a383a2267726f75705f6964223b733a313a2232223b733a383a22757365726e616d65223b733a373a2266696e616e6365223b733a343a226e616d65223b733a373a2246696e616e6365223b733a353a22656d61696c223b733a31373a2266696e616e636540676d61696c2e636f6d223b733a383a2270617373776f7264223b733a363a22313233343536223b733a343a22666f746f223b733a31383a2232303138313031353136303433392e706e67223b733a31303a22637265617465645f6174223b733a31393a22303030302d30302d30302030303a30303a3030223b733a31303a22757064617465645f6174223b733a31393a22303030302d30302d30302030303a30303a3030223b733a31303a22736f667464656c657465223b733a313a2230223b733a31303a2267726f75705f6e616d65223b733a383a224b6575616e67616e223b7d),
('iu7b9r1gtri5o893hb74le52h5apf75q', '::1', 1580125912, 0x5f5f63695f6c6173745f726567656e65726174657c693a313538303132353931323b6163746976655f757365727c4f3a383a22737464436c617373223a31313a7b733a323a226964223b733a313a2231223b733a383a2267726f75705f6964223b733a313a2231223b733a383a22757365726e616d65223b733a373a2264616669647072223b733a343a226e616d65223b733a31343a22446166696420507261736574796f223b733a353a22656d61696c223b733a31353a2261646d696e40676d61696c2e636f6d223b733a383a2270617373776f7264223b733a363a22313233343536223b733a343a22666f746f223b733a303a22223b733a31303a22637265617465645f6174223b733a31393a22323031382d30352d30392031363a33373a3331223b733a31303a22757064617465645f6174223b733a31393a22323031382d30352d30392031363a33373a3334223b733a31303a22736f667464656c657465223b733a313a2230223b733a31303a2267726f75705f6e616d65223b733a31333a2241646d696e6973747261746f72223b7d),
('7lgc2gal7h5c0bc4qf86e7ocfck2tp80', '::1', 1580126251, 0x5f5f63695f6c6173745f726567656e65726174657c693a313538303132363235313b6163746976655f757365727c4f3a383a22737464436c617373223a31313a7b733a323a226964223b733a313a2231223b733a383a2267726f75705f6964223b733a313a2231223b733a383a22757365726e616d65223b733a373a2264616669647072223b733a343a226e616d65223b733a31343a22446166696420507261736574796f223b733a353a22656d61696c223b733a31353a2261646d696e40676d61696c2e636f6d223b733a383a2270617373776f7264223b733a363a22313233343536223b733a343a22666f746f223b733a31373a2264656661756c745f646f73656e2e706e67223b733a31303a22637265617465645f6174223b733a31393a22323031382d30352d30392031363a33373a3331223b733a31303a22757064617465645f6174223b733a31393a22323031382d30352d30392031363a33373a3334223b733a31303a22736f667464656c657465223b733a313a2230223b733a31303a2267726f75705f6e616d65223b733a31333a2241646d696e6973747261746f72223b7d),
('lu20c8r0rcrfftpal4ktec8t473op7hq', '::1', 1580126563, 0x5f5f63695f6c6173745f726567656e65726174657c693a313538303132363536333b6163746976655f757365727c4f3a383a22737464436c617373223a31313a7b733a323a226964223b733a313a2231223b733a383a2267726f75705f6964223b733a313a2231223b733a383a22757365726e616d65223b733a373a2264616669647072223b733a343a226e616d65223b733a31343a22446166696420507261736574796f223b733a353a22656d61696c223b733a31353a2261646d696e40676d61696c2e636f6d223b733a383a2270617373776f7264223b733a363a22313233343536223b733a343a22666f746f223b733a31373a2264656661756c745f646f73656e2e706e67223b733a31303a22637265617465645f6174223b733a31393a22323031382d30352d30392031363a33373a3331223b733a31303a22757064617465645f6174223b733a31393a22323031382d30352d30392031363a33373a3334223b733a31303a22736f667464656c657465223b733a313a2230223b733a31303a2267726f75705f6e616d65223b733a31333a2241646d696e6973747261746f72223b7d),
('s1hu03tnru9k4ioq1sde0ckomo8ns8p1', '::1', 1580126916, 0x5f5f63695f6c6173745f726567656e65726174657c693a313538303132363931363b6163746976655f757365727c4f3a383a22737464436c617373223a31313a7b733a323a226964223b733a313a2231223b733a383a2267726f75705f6964223b733a313a2231223b733a383a22757365726e616d65223b733a373a2264616669647072223b733a343a226e616d65223b733a31343a22446166696420507261736574796f223b733a353a22656d61696c223b733a31353a2261646d696e40676d61696c2e636f6d223b733a383a2270617373776f7264223b733a363a22313233343536223b733a343a22666f746f223b733a31373a2264656661756c745f646f73656e2e706e67223b733a31303a22637265617465645f6174223b733a31393a22323031382d30352d30392031363a33373a3331223b733a31303a22757064617465645f6174223b733a31393a22323031382d30352d30392031363a33373a3334223b733a31303a22736f667464656c657465223b733a313a2230223b733a31303a2267726f75705f6e616d65223b733a31333a2241646d696e6973747261746f72223b7d),
('o7fshlgru2cjul53tg8mfecdvq3056oq', '::1', 1580128344, 0x5f5f63695f6c6173745f726567656e65726174657c693a313538303132383334343b6163746976655f757365727c4f3a383a22737464436c617373223a31313a7b733a323a226964223b733a313a2231223b733a383a2267726f75705f6964223b733a313a2231223b733a383a22757365726e616d65223b733a373a2264616669647072223b733a343a226e616d65223b733a31343a22446166696420507261736574796f223b733a353a22656d61696c223b733a31353a2261646d696e40676d61696c2e636f6d223b733a383a2270617373776f7264223b733a363a22313233343536223b733a343a22666f746f223b733a31373a2264656661756c745f646f73656e2e706e67223b733a31303a22637265617465645f6174223b733a31393a22323031382d30352d30392031363a33373a3331223b733a31303a22757064617465645f6174223b733a31393a22323031382d30352d30392031363a33373a3334223b733a31303a22736f667464656c657465223b733a313a2230223b733a31303a2267726f75705f6e616d65223b733a31333a2241646d696e6973747261746f72223b7d),
('n48io6osrir4pv0cejsep3m5sb5n23do', '::1', 1580128650, 0x5f5f63695f6c6173745f726567656e65726174657c693a313538303132383635303b6163746976655f757365727c4f3a383a22737464436c617373223a31313a7b733a323a226964223b733a313a2235223b733a383a2267726f75705f6964223b733a313a2233223b733a383a22757365726e616d65223b733a31303a2231353738303039303933223b733a343a226e616d65223b733a31343a2243696b6f2043696b692054697461223b733a353a22656d61696c223b733a31373a2263696b6f63696b40676d61696c2e636f6d223b733a383a2270617373776f7264223b733a31303a2231353738303039303933223b733a343a22666f746f223b4e3b733a31303a22637265617465645f6174223b733a31393a22323032302d30312d32372031363a33383a3334223b733a31303a22757064617465645f6174223b733a31393a22323032302d30312d32372031363a33383a3334223b733a31303a22736f667464656c657465223b733a313a2230223b733a31303a2267726f75705f6e616d65223b4e3b7d),
('m5sjegtscch1orh9ghil0ui8nffpgrmf', '::1', 1580129004, 0x5f5f63695f6c6173745f726567656e65726174657c693a313538303132393030343b6163746976655f757365727c4f3a383a22737464436c617373223a31313a7b733a323a226964223b733a313a2231223b733a383a2267726f75705f6964223b733a313a2231223b733a383a22757365726e616d65223b733a373a2264616669647072223b733a343a226e616d65223b733a31343a22446166696420507261736574796f223b733a353a22656d61696c223b733a31353a2261646d696e40676d61696c2e636f6d223b733a383a2270617373776f7264223b733a363a22313233343536223b733a343a22666f746f223b733a31373a2264656661756c745f646f73656e2e706e67223b733a31303a22637265617465645f6174223b733a31393a22323031382d30352d30392031363a33373a3331223b733a31303a22757064617465645f6174223b733a31393a22323031382d30352d30392031363a33373a3334223b733a31303a22736f667464656c657465223b733a313a2230223b733a31303a2267726f75705f6e616d65223b733a31333a2241646d696e6973747261746f72223b7d),
('vv4tglk5ml5420db176mum3dn0v2h430', '::1', 1580129309, 0x5f5f63695f6c6173745f726567656e65726174657c693a313538303132393330393b6163746976655f757365727c4f3a383a22737464436c617373223a31313a7b733a323a226964223b733a313a2231223b733a383a2267726f75705f6964223b733a313a2231223b733a383a22757365726e616d65223b733a373a2264616669647072223b733a343a226e616d65223b733a31343a22446166696420507261736574796f223b733a353a22656d61696c223b733a31353a2261646d696e40676d61696c2e636f6d223b733a383a2270617373776f7264223b733a363a22313233343536223b733a343a22666f746f223b733a31373a2264656661756c745f646f73656e2e706e67223b733a31303a22637265617465645f6174223b733a31393a22323031382d30352d30392031363a33373a3331223b733a31303a22757064617465645f6174223b733a31393a22323031382d30352d30392031363a33373a3334223b733a31303a22736f667464656c657465223b733a313a2230223b733a31303a2267726f75705f6e616d65223b733a31333a2241646d696e6973747261746f72223b7d),
('el7toobi2ved15fqsf8uej2155ntqpdd', '::1', 1580129641, 0x5f5f63695f6c6173745f726567656e65726174657c693a313538303132393634313b6163746976655f757365727c4f3a383a22737464436c617373223a31313a7b733a323a226964223b733a313a2235223b733a383a2267726f75705f6964223b733a313a2233223b733a383a22757365726e616d65223b733a31303a2231353738303039303933223b733a343a226e616d65223b733a31343a2243696b6f2043696b692054697461223b733a353a22656d61696c223b733a31373a2263696b6f63696b40676d61696c2e636f6d223b733a383a2270617373776f7264223b733a31303a2231353738303039303933223b733a343a22666f746f223b4e3b733a31303a22637265617465645f6174223b733a31393a22323032302d30312d32372031363a33383a3334223b733a31303a22757064617465645f6174223b733a31393a22323032302d30312d32372031363a33383a3334223b733a31303a22736f667464656c657465223b733a313a2230223b733a31303a2267726f75705f6e616d65223b4e3b7d),
('pftrq5qjfhlum9vio7d1uq8m0vv8iu4h', '::1', 1580129961, 0x5f5f63695f6c6173745f726567656e65726174657c693a313538303132393936313b6163746976655f757365727c4f3a383a22737464436c617373223a31313a7b733a323a226964223b733a313a2231223b733a383a2267726f75705f6964223b733a313a2231223b733a383a22757365726e616d65223b733a373a2264616669647072223b733a343a226e616d65223b733a31343a22446166696420507261736574796f223b733a353a22656d61696c223b733a31353a2261646d696e40676d61696c2e636f6d223b733a383a2270617373776f7264223b733a363a22313233343536223b733a343a22666f746f223b733a31373a2264656661756c745f646f73656e2e706e67223b733a31303a22637265617465645f6174223b733a31393a22323031382d30352d30392031363a33373a3331223b733a31303a22757064617465645f6174223b733a31393a22323031382d30352d30392031363a33373a3334223b733a31303a22736f667464656c657465223b733a313a2230223b733a31303a2267726f75705f6e616d65223b733a31333a2241646d696e6973747261746f72223b7d),
('5ggfacuppi9chqpe938ngn0h0ckgslav', '::1', 1580130325, 0x5f5f63695f6c6173745f726567656e65726174657c693a313538303133303332353b6163746976655f757365727c4f3a383a22737464436c617373223a31313a7b733a323a226964223b733a313a2231223b733a383a2267726f75705f6964223b733a313a2231223b733a383a22757365726e616d65223b733a373a2264616669647072223b733a343a226e616d65223b733a31343a22446166696420507261736574796f223b733a353a22656d61696c223b733a31353a2261646d696e40676d61696c2e636f6d223b733a383a2270617373776f7264223b733a363a22313233343536223b733a343a22666f746f223b733a31373a2264656661756c745f646f73656e2e706e67223b733a31303a22637265617465645f6174223b733a31393a22323031382d30352d30392031363a33373a3331223b733a31303a22757064617465645f6174223b733a31393a22323031382d30352d30392031363a33373a3334223b733a31303a22736f667464656c657465223b733a313a2230223b733a31303a2267726f75705f6e616d65223b733a31333a2241646d696e6973747261746f72223b7d),
('aovq0n1a1i0q482fted69oasnqivc888', '::1', 1580130694, 0x5f5f63695f6c6173745f726567656e65726174657c693a313538303133303639343b6163746976655f757365727c4f3a383a22737464436c617373223a31313a7b733a323a226964223b733a313a2231223b733a383a2267726f75705f6964223b733a313a2231223b733a383a22757365726e616d65223b733a373a2264616669647072223b733a343a226e616d65223b733a31343a22446166696420507261736574796f223b733a353a22656d61696c223b733a31353a2261646d696e40676d61696c2e636f6d223b733a383a2270617373776f7264223b733a363a22313233343536223b733a343a22666f746f223b733a31373a2264656661756c745f646f73656e2e706e67223b733a31303a22637265617465645f6174223b733a31393a22323031382d30352d30392031363a33373a3331223b733a31303a22757064617465645f6174223b733a31393a22323031382d30352d30392031363a33373a3334223b733a31303a22736f667464656c657465223b733a313a2230223b733a31303a2267726f75705f6e616d65223b733a31333a2241646d696e6973747261746f72223b7d),
('16p846udeeqpecj52jvnde7nrnvmrnic', '::1', 1580131159, 0x5f5f63695f6c6173745f726567656e65726174657c693a313538303133313135393b6163746976655f757365727c4f3a383a22737464436c617373223a31313a7b733a323a226964223b733a313a2231223b733a383a2267726f75705f6964223b733a313a2231223b733a383a22757365726e616d65223b733a373a2264616669647072223b733a343a226e616d65223b733a31343a22446166696420507261736574796f223b733a353a22656d61696c223b733a31353a2261646d696e40676d61696c2e636f6d223b733a383a2270617373776f7264223b733a363a22313233343536223b733a343a22666f746f223b733a31373a2264656661756c745f646f73656e2e706e67223b733a31303a22637265617465645f6174223b733a31393a22323031382d30352d30392031363a33373a3331223b733a31303a22757064617465645f6174223b733a31393a22323031382d30352d30392031363a33373a3334223b733a31303a22736f667464656c657465223b733a313a2230223b733a31303a2267726f75705f6e616d65223b733a31333a2241646d696e6973747261746f72223b7d),
('6qbl3v3cdqgh7tu074aq13pcv4qt91tm', '::1', 1580131470, 0x5f5f63695f6c6173745f726567656e65726174657c693a313538303133313437303b6163746976655f757365727c4f3a383a22737464436c617373223a31313a7b733a323a226964223b733a313a2231223b733a383a2267726f75705f6964223b733a313a2231223b733a383a22757365726e616d65223b733a373a2264616669647072223b733a343a226e616d65223b733a31343a22446166696420507261736574796f223b733a353a22656d61696c223b733a31353a2261646d696e40676d61696c2e636f6d223b733a383a2270617373776f7264223b733a363a22313233343536223b733a343a22666f746f223b733a31373a2264656661756c745f646f73656e2e706e67223b733a31303a22637265617465645f6174223b733a31393a22323031382d30352d30392031363a33373a3331223b733a31303a22757064617465645f6174223b733a31393a22323031382d30352d30392031363a33373a3334223b733a31303a22736f667464656c657465223b733a313a2230223b733a31303a2267726f75705f6e616d65223b733a31333a2241646d696e6973747261746f72223b7d),
('b5ksee0apq38pouq9655dalkknpgbdjs', '::1', 1580131776, 0x5f5f63695f6c6173745f726567656e65726174657c693a313538303133313737363b6163746976655f757365727c4f3a383a22737464436c617373223a31313a7b733a323a226964223b733a313a2231223b733a383a2267726f75705f6964223b733a313a2231223b733a383a22757365726e616d65223b733a373a2264616669647072223b733a343a226e616d65223b733a31343a22446166696420507261736574796f223b733a353a22656d61696c223b733a31353a2261646d696e40676d61696c2e636f6d223b733a383a2270617373776f7264223b733a363a22313233343536223b733a343a22666f746f223b733a31373a2264656661756c745f646f73656e2e706e67223b733a31303a22637265617465645f6174223b733a31393a22323031382d30352d30392031363a33373a3331223b733a31303a22757064617465645f6174223b733a31393a22323031382d30352d30392031363a33373a3334223b733a31303a22736f667464656c657465223b733a313a2230223b733a31303a2267726f75705f6e616d65223b733a31333a2241646d696e6973747261746f72223b7d),
('2rgatpc82ako362nlgumik0p8i30s99b', '::1', 1580131906, 0x5f5f63695f6c6173745f726567656e65726174657c693a313538303133313737363b6163746976655f757365727c4f3a383a22737464436c617373223a31313a7b733a323a226964223b733a313a2231223b733a383a2267726f75705f6964223b733a313a2231223b733a383a22757365726e616d65223b733a373a2264616669647072223b733a343a226e616d65223b733a31343a22446166696420507261736574796f223b733a353a22656d61696c223b733a31353a2261646d696e40676d61696c2e636f6d223b733a383a2270617373776f7264223b733a363a22313233343536223b733a343a22666f746f223b733a31373a2264656661756c745f646f73656e2e706e67223b733a31303a22637265617465645f6174223b733a31393a22323031382d30352d30392031363a33373a3331223b733a31303a22757064617465645f6174223b733a31393a22323031382d30352d30392031363a33373a3334223b733a31303a22736f667464656c657465223b733a313a2230223b733a31303a2267726f75705f6e616d65223b733a31333a2241646d696e6973747261746f72223b7d),
('873lp0b5aksu92q8lu1jvpadj3en5je7', '::1', 1580183797, 0x5f5f63695f6c6173745f726567656e65726174657c693a313538303138333739363b),
('lro09l73iq2a25qar8rembd47o8920mo', '::1', 1580184400, 0x5f5f63695f6c6173745f726567656e65726174657c693a313538303138343430303b6163746976655f757365727c4f3a383a22737464436c617373223a31313a7b733a323a226964223b733a313a2231223b733a383a2267726f75705f6964223b733a313a2231223b733a383a22757365726e616d65223b733a373a2264616669647072223b733a343a226e616d65223b733a31343a22446166696420507261736574796f223b733a353a22656d61696c223b733a31353a2261646d696e40676d61696c2e636f6d223b733a383a2270617373776f7264223b733a363a22313233343536223b733a343a22666f746f223b733a31373a2264656661756c745f646f73656e2e706e67223b733a31303a22637265617465645f6174223b733a31393a22323031382d30352d30392031363a33373a3331223b733a31303a22757064617465645f6174223b733a31393a22323031382d30352d30392031363a33373a3334223b733a31303a22736f667464656c657465223b733a313a2230223b733a31303a2267726f75705f6e616d65223b733a31333a2241646d696e6973747261746f72223b7d),
('nlqhp2m7i6hd8p5ulf3ehbj7a3t42emd', '::1', 1580184702, 0x5f5f63695f6c6173745f726567656e65726174657c693a313538303138343730323b6163746976655f757365727c4f3a383a22737464436c617373223a31313a7b733a323a226964223b733a313a2231223b733a383a2267726f75705f6964223b733a313a2231223b733a383a22757365726e616d65223b733a373a2264616669647072223b733a343a226e616d65223b733a31343a22446166696420507261736574796f223b733a353a22656d61696c223b733a31353a2261646d696e40676d61696c2e636f6d223b733a383a2270617373776f7264223b733a363a22313233343536223b733a343a22666f746f223b733a31373a2264656661756c745f646f73656e2e706e67223b733a31303a22637265617465645f6174223b733a31393a22323031382d30352d30392031363a33373a3331223b733a31303a22757064617465645f6174223b733a31393a22323031382d30352d30392031363a33373a3334223b733a31303a22736f667464656c657465223b733a313a2230223b733a31303a2267726f75705f6e616d65223b733a31333a2241646d696e6973747261746f72223b7d),
('vru59b8bearfgnrd6t5f8alku1h72t7f', '::1', 1580185712, 0x5f5f63695f6c6173745f726567656e65726174657c693a313538303138353731323b6163746976655f757365727c4f3a383a22737464436c617373223a31313a7b733a323a226964223b733a313a2231223b733a383a2267726f75705f6964223b733a313a2231223b733a383a22757365726e616d65223b733a373a2264616669647072223b733a343a226e616d65223b733a31343a22446166696420507261736574796f223b733a353a22656d61696c223b733a31353a2261646d696e40676d61696c2e636f6d223b733a383a2270617373776f7264223b733a363a22313233343536223b733a343a22666f746f223b733a31373a2264656661756c745f646f73656e2e706e67223b733a31303a22637265617465645f6174223b733a31393a22323031382d30352d30392031363a33373a3331223b733a31303a22757064617465645f6174223b733a31393a22323031382d30352d30392031363a33373a3334223b733a31303a22736f667464656c657465223b733a313a2230223b733a31303a2267726f75705f6e616d65223b733a31333a2241646d696e6973747261746f72223b7d),
('u6m5j2ptugimc9is8b6fpjukjqf5333d', '::1', 1580186054, 0x5f5f63695f6c6173745f726567656e65726174657c693a313538303138363035343b6163746976655f757365727c4f3a383a22737464436c617373223a31313a7b733a323a226964223b733a313a2232223b733a383a2267726f75705f6964223b733a313a2232223b733a383a22757365726e616d65223b733a363a22726168617975223b733a343a226e616d65223b733a31383a22526168617975205075747269205574616d69223b733a353a22656d61696c223b733a31363a2272616861797540676d61696c2e636f6d223b733a383a2270617373776f7264223b733a363a22313233343536223b733a343a22666f746f223b733a31393a2264656661756c745f646f73656e5f322e706e67223b733a31303a22637265617465645f6174223b733a31393a22303030302d30302d30302030303a30303a3030223b733a31303a22757064617465645f6174223b733a31393a22303030302d30302d30302030303a30303a3030223b733a31303a22736f667464656c657465223b733a313a2230223b733a31303a2267726f75705f6e616d65223b733a383a224b6575616e67616e223b7d),
('4215di3jn0njp5se8ciiqkt0nriqane2', '::1', 1580186650, 0x5f5f63695f6c6173745f726567656e65726174657c693a313538303138363635303b6163746976655f757365727c4f3a383a22737464436c617373223a31313a7b733a323a226964223b733a313a2232223b733a383a2267726f75705f6964223b733a313a2232223b733a383a22757365726e616d65223b733a363a22726168617975223b733a343a226e616d65223b733a31383a22526168617975205075747269205574616d69223b733a353a22656d61696c223b733a31363a2272616861797540676d61696c2e636f6d223b733a383a2270617373776f7264223b733a363a22313233343536223b733a343a22666f746f223b733a31393a2264656661756c745f646f73656e5f322e706e67223b733a31303a22637265617465645f6174223b733a31393a22303030302d30302d30302030303a30303a3030223b733a31303a22757064617465645f6174223b733a31393a22303030302d30302d30302030303a30303a3030223b733a31303a22736f667464656c657465223b733a313a2230223b733a31303a2267726f75705f6e616d65223b733a383a224b6575616e67616e223b7d),
('ulq6uc4f9i7mdibd5rjvieplm6fn0nkk', '::1', 1580186953, 0x5f5f63695f6c6173745f726567656e65726174657c693a313538303138363935333b6163746976655f757365727c4f3a383a22737464436c617373223a31313a7b733a323a226964223b733a313a2232223b733a383a2267726f75705f6964223b733a313a2232223b733a383a22757365726e616d65223b733a363a22726168617975223b733a343a226e616d65223b733a31383a22526168617975205075747269205574616d69223b733a353a22656d61696c223b733a31363a2272616861797540676d61696c2e636f6d223b733a383a2270617373776f7264223b733a363a22313233343536223b733a343a22666f746f223b733a31393a2264656661756c745f646f73656e5f322e706e67223b733a31303a22637265617465645f6174223b733a31393a22303030302d30302d30302030303a30303a3030223b733a31303a22757064617465645f6174223b733a31393a22303030302d30302d30302030303a30303a3030223b733a31303a22736f667464656c657465223b733a313a2230223b733a31303a2267726f75705f6e616d65223b733a383a224b6575616e67616e223b7d),
('5ri0od0muof1ove83ltl8hdflf6hm1n8', '::1', 1580187482, 0x5f5f63695f6c6173745f726567656e65726174657c693a313538303138373438323b6163746976655f757365727c4f3a383a22737464436c617373223a31313a7b733a323a226964223b733a313a2231223b733a383a2267726f75705f6964223b733a313a2231223b733a383a22757365726e616d65223b733a373a2264616669647072223b733a343a226e616d65223b733a31343a22446166696420507261736574796f223b733a353a22656d61696c223b733a31353a2261646d696e40676d61696c2e636f6d223b733a383a2270617373776f7264223b733a363a22313233343536223b733a343a22666f746f223b733a31373a2264656661756c745f646f73656e2e706e67223b733a31303a22637265617465645f6174223b733a31393a22323031382d30352d30392031363a33373a3331223b733a31303a22757064617465645f6174223b733a31393a22323031382d30352d30392031363a33373a3334223b733a31303a22736f667464656c657465223b733a313a2230223b733a31303a2267726f75705f6e616d65223b733a31333a2241646d696e6973747261746f72223b7d),
('52n3e5n9ssdv9t6f65ds84ulhqoat96h', '::1', 1580187482, 0x5f5f63695f6c6173745f726567656e65726174657c693a313538303138373438323b6163746976655f757365727c4f3a383a22737464436c617373223a31313a7b733a323a226964223b733a313a2231223b733a383a2267726f75705f6964223b733a313a2231223b733a383a22757365726e616d65223b733a373a2264616669647072223b733a343a226e616d65223b733a31343a22446166696420507261736574796f223b733a353a22656d61696c223b733a31353a2261646d696e40676d61696c2e636f6d223b733a383a2270617373776f7264223b733a363a22313233343536223b733a343a22666f746f223b733a31373a2264656661756c745f646f73656e2e706e67223b733a31303a22637265617465645f6174223b733a31393a22323031382d30352d30392031363a33373a3331223b733a31303a22757064617465645f6174223b733a31393a22323031382d30352d30392031363a33373a3334223b733a31303a22736f667464656c657465223b733a313a2230223b733a31303a2267726f75705f6e616d65223b733a31333a2241646d696e6973747261746f72223b7d),
('fcdfpsto9h76njs36s550dpg6a7cp6tr', '::1', 1580221670, 0x5f5f63695f6c6173745f726567656e65726174657c693a313538303232313637303b6163746976655f757365727c4f3a383a22737464436c617373223a31313a7b733a323a226964223b733a313a2231223b733a383a2267726f75705f6964223b733a313a2231223b733a383a22757365726e616d65223b733a373a2264616669647072223b733a343a226e616d65223b733a31343a22446166696420507261736574796f223b733a353a22656d61696c223b733a31353a2261646d696e40676d61696c2e636f6d223b733a383a2270617373776f7264223b733a363a22313233343536223b733a343a22666f746f223b733a31373a2264656661756c745f646f73656e2e706e67223b733a31303a22637265617465645f6174223b733a31393a22323031382d30352d30392031363a33373a3331223b733a31303a22757064617465645f6174223b733a31393a22323031382d30352d30392031363a33373a3334223b733a31303a22736f667464656c657465223b733a313a2230223b733a31303a2267726f75705f6e616d65223b733a31333a2241646d696e6973747261746f72223b7d),
('e0ep65af12nu2hmp6r9499nn08j44h4d', '::1', 1580216075, 0x5f5f63695f6c6173745f726567656e65726174657c693a313538303231363037343b),
('vb61h8eajqlt5j8tl29o2kjk10ggapgv', '::1', 1580221672, 0x5f5f63695f6c6173745f726567656e65726174657c693a313538303232313637303b6163746976655f757365727c4f3a383a22737464436c617373223a31313a7b733a323a226964223b733a313a2231223b733a383a2267726f75705f6964223b733a313a2231223b733a383a22757365726e616d65223b733a373a2264616669647072223b733a343a226e616d65223b733a31343a22446166696420507261736574796f223b733a353a22656d61696c223b733a31353a2261646d696e40676d61696c2e636f6d223b733a383a2270617373776f7264223b733a363a22313233343536223b733a343a22666f746f223b733a31373a2264656661756c745f646f73656e2e706e67223b733a31303a22637265617465645f6174223b733a31393a22323031382d30352d30392031363a33373a3331223b733a31303a22757064617465645f6174223b733a31393a22323031382d30352d30392031363a33373a3334223b733a31303a22736f667464656c657465223b733a313a2230223b733a31303a2267726f75705f6e616d65223b733a31333a2241646d696e6973747261746f72223b7d),
('np4fpm66lblbcbhhrudagiovsvsd44ne', '::1', 1606923102, 0x5f5f63695f6c6173745f726567656e65726174657c693a313630363932333130323b6163746976655f757365727c4f3a383a22737464436c617373223a31313a7b733a323a226964223b733a313a2231223b733a383a2267726f75705f6964223b733a313a2231223b733a383a22757365726e616d65223b733a373a2264616669647072223b733a343a226e616d65223b733a31343a22446166696420507261736574796f223b733a353a22656d61696c223b733a31353a2261646d696e40676d61696c2e636f6d223b733a383a2270617373776f7264223b733a363a22313233343536223b733a343a22666f746f223b733a31373a2264656661756c745f646f73656e2e706e67223b733a31303a22637265617465645f6174223b733a31393a22323031382d30352d30392031363a33373a3331223b733a31303a22757064617465645f6174223b733a31393a22323031382d30352d30392031363a33373a3334223b733a31303a22736f667464656c657465223b733a313a2230223b733a31303a2267726f75705f6e616d65223b733a31333a2241646d696e6973747261746f72223b7d),
('iafn925urhbp0m88h7uej3bln4fd5opd', '::1', 1606923414, 0x5f5f63695f6c6173745f726567656e65726174657c693a313630363932333431343b6163746976655f757365727c4f3a383a22737464436c617373223a31313a7b733a323a226964223b733a313a2231223b733a383a2267726f75705f6964223b733a313a2231223b733a383a22757365726e616d65223b733a373a2264616669647072223b733a343a226e616d65223b733a31343a22446166696420507261736574796f223b733a353a22656d61696c223b733a31353a2261646d696e40676d61696c2e636f6d223b733a383a2270617373776f7264223b733a363a22313233343536223b733a343a22666f746f223b733a31373a2264656661756c745f646f73656e2e706e67223b733a31303a22637265617465645f6174223b733a31393a22323031382d30352d30392031363a33373a3331223b733a31303a22757064617465645f6174223b733a31393a22323031382d30352d30392031363a33373a3334223b733a31303a22736f667464656c657465223b733a313a2230223b733a31303a2267726f75705f6e616d65223b733a31333a2241646d696e6973747261746f72223b7d),
('jv0vodd0tu7ct505ubjoflvguuon5o40', '::1', 1606923926, 0x5f5f63695f6c6173745f726567656e65726174657c693a313630363932333932363b6163746976655f757365727c4f3a383a22737464436c617373223a31313a7b733a323a226964223b733a313a2231223b733a383a2267726f75705f6964223b733a313a2231223b733a383a22757365726e616d65223b733a373a2264616669647072223b733a343a226e616d65223b733a31343a22446166696420507261736574796f223b733a353a22656d61696c223b733a31353a2261646d696e40676d61696c2e636f6d223b733a383a2270617373776f7264223b733a363a22313233343536223b733a343a22666f746f223b733a31373a2264656661756c745f646f73656e2e706e67223b733a31303a22637265617465645f6174223b733a31393a22323031382d30352d30392031363a33373a3331223b733a31303a22757064617465645f6174223b733a31393a22323031382d30352d30392031363a33373a3334223b733a31303a22736f667464656c657465223b733a313a2230223b733a31303a2267726f75705f6e616d65223b733a31333a2241646d696e6973747261746f72223b7d),
('mqcrcli7antac5l2iog8en4rkunlj1p7', '::1', 1606924171, 0x5f5f63695f6c6173745f726567656e65726174657c693a313630363932333932363b6163746976655f757365727c4f3a383a22737464436c617373223a31313a7b733a323a226964223b733a313a2231223b733a383a2267726f75705f6964223b733a313a2231223b733a383a22757365726e616d65223b733a373a2264616669647072223b733a343a226e616d65223b733a31343a22446166696420507261736574796f223b733a353a22656d61696c223b733a31353a2261646d696e40676d61696c2e636f6d223b733a383a2270617373776f7264223b733a363a22313233343536223b733a343a22666f746f223b733a31373a2264656661756c745f646f73656e2e706e67223b733a31303a22637265617465645f6174223b733a31393a22323031382d30352d30392031363a33373a3331223b733a31303a22757064617465645f6174223b733a31393a22323031382d30352d30392031363a33373a3334223b733a31303a22736f667464656c657465223b733a313a2230223b733a31303a2267726f75705f6e616d65223b733a31333a2241646d696e6973747261746f72223b7d);

-- --------------------------------------------------------

--
-- Struktur dari tabel `groups`
--

CREATE TABLE `groups` (
  `id` int(11) NOT NULL,
  `group_name` varchar(45) NOT NULL,
  `created_at` datetime NOT NULL,
  `updated_at` datetime NOT NULL,
  `softdelete` enum('0','1') NOT NULL DEFAULT '0'
) ENGINE=InnoDB DEFAULT CHARSET=latin1;

--
-- Dumping data untuk tabel `groups`
--

INSERT INTO `groups` (`id`, `group_name`, `created_at`, `updated_at`, `softdelete`) VALUES
(1, 'Administrator', '0000-00-00 00:00:00', '0000-00-00 00:00:00', '0'),
(2, 'Keuangan', '0000-00-00 00:00:00', '2017-05-24 09:40:23', '0'),
(3, 'Siswa', '0000-00-00 00:00:00', '0000-00-00 00:00:00', '0');

-- --------------------------------------------------------

--
-- Struktur dari tabel `menus`
--

CREATE TABLE `menus` (
  `id` int(11) NOT NULL,
  `parent_id` int(11) NOT NULL,
  `is_have_child` int(1) NOT NULL,
  `title` varchar(45) NOT NULL,
  `link` varchar(150) NOT NULL,
  `icon` varchar(45) NOT NULL
) ENGINE=InnoDB DEFAULT CHARSET=latin1;

--
-- Dumping data untuk tabel `menus`
--

INSERT INTO `menus` (`id`, `parent_id`, `is_have_child`, `title`, `link`, `icon`) VALUES
(1, 0, 2, 'Settings', '', 'fa fa-cog'),
(2, 0, 2, 'Akademik', '', 'fa fa-institution'),
(3, 0, 0, 'Peserta Didik', 'students', 'fa fa-user-circle'),
(4, 0, 0, 'Tagihan', 'billing', 'fa fa-database'),
(5, 0, 0, 'Transaksi', 'transactions', 'fa fa-credit-card'),
(6, 0, 0, 'Invoices', 'invoices', 'fa fa-credit-card'),
(7, 0, 3, 'Laporan', '', 'fa fa-file'),
(8, 0, 0, 'Tagihan', 'payment', 'fa fa-credit-card'),
(9, 0, 0, 'Historis Pembayaran', 'payment_historis', 'fa fa-credit-card'),
(12, 1, 0, 'Hak Akses', 'privilege', 'i i-dot'),
(13, 1, 0, 'Level User', 'group', 'i i-dot'),
(14, 1, 0, 'User', 'user', 'i i-dot'),
(15, 1, 0, 'Kategori Tagihan', 'billing_category', 'i i-dot'),
(16, 2, 0, 'Sekolah', 'schools_group', 'i i-dot'),
(17, 7, 0, 'Laporan Penerimaan Harian', 'reports/reports_v1', 'i i-dot'),
(18, 7, 0, 'Laporan Penerimaan Bulanan', 'reports/reports_v2', 'i i-dot'),
(19, 7, 0, 'Laporan Penerimaan', 'reports/reports_v3', 'i i-dot'),
(20, 7, 0, 'Laporan Tunggakan', 'reports/reports_v4', 'i i-dot'),
(21, 7, 0, 'Laporan Piutang Jangka Panjang', 'reports/reports_v5', 'i i-dot'),
(22, 1, 0, 'Merchant', 'settings', 'i i-dot'),
(23, 7, 0, 'Laporan Jatuh Tempo', 'reports/reports_v6', 'i i-dot'),
(24, 1, 0, 'Periode', 'periode', 'i i-dot'),
(25, 2, 0, 'Guru', 'teachers', 'fa fa-user-circle'),
(26, 2, 0, 'Jenjang', 'students_level', 'i i-dot'),
(27, 2, 0, 'Kelas', 'students_group', 'i i-dot');

-- --------------------------------------------------------

--
-- Struktur dari tabel `periode`
--

CREATE TABLE `periode` (
  `id` int(11) NOT NULL,
  `periode_name` varchar(50) NOT NULL
) ENGINE=InnoDB DEFAULT CHARSET=utf32;

--
-- Dumping data untuk tabel `periode`
--

INSERT INTO `periode` (`id`, `periode_name`) VALUES
(1, '01/01/2020 - 01/16/2020');

-- --------------------------------------------------------

--
-- Struktur dari tabel `privileges`
--

CREATE TABLE `privileges` (
  `id` int(11) NOT NULL,
  `group_id` int(11) NOT NULL,
  `menu_id` int(11) NOT NULL
) ENGINE=InnoDB DEFAULT CHARSET=latin1;

--
-- Dumping data untuk tabel `privileges`
--

INSERT INTO `privileges` (`id`, `group_id`, `menu_id`) VALUES
(705, 1, 1),
(706, 1, 12),
(707, 1, 13),
(708, 1, 14),
(709, 1, 15),
(710, 1, 22),
(711, 1, 24),
(712, 1, 2),
(713, 1, 16),
(714, 1, 25),
(715, 1, 26),
(716, 1, 27),
(717, 1, 3),
(718, 1, 4),
(719, 1, 5),
(720, 1, 6),
(721, 1, 7),
(722, 1, 19),
(723, 1, 20),
(724, 1, 21),
(725, 1, 23),
(804, 2, 1),
(805, 2, 15),
(806, 2, 24),
(807, 2, 3),
(808, 2, 4),
(809, 2, 5),
(810, 2, 6),
(811, 2, 7),
(812, 2, 17),
(813, 2, 18),
(814, 2, 19),
(815, 2, 20),
(816, 2, 21),
(850, 3, 8),
(851, 3, 9);

-- --------------------------------------------------------

--
-- Struktur dari tabel `schools_group`
--

CREATE TABLE `schools_group` (
  `id` int(11) NOT NULL,
  `schools_group_name` varchar(45) NOT NULL,
  `created_at` datetime NOT NULL,
  `updated_at` datetime NOT NULL,
  `softdelete` enum('0','1') NOT NULL DEFAULT '0'
) ENGINE=InnoDB DEFAULT CHARSET=latin1;

--
-- Dumping data untuk tabel `schools_group`
--

INSERT INTO `schools_group` (`id`, `schools_group_name`, `created_at`, `updated_at`, `softdelete`) VALUES
(3, 'SMK Muhammadiyah 6 Rogojampi', '2020-01-27 16:46:37', '2020-01-27 16:46:37', '0');

-- --------------------------------------------------------

--
-- Struktur dari tabel `settings`
--

CREATE TABLE `settings` (
  `id` int(11) NOT NULL,
  `meta_key` varchar(150) NOT NULL,
  `meta_value` text NOT NULL,
  `created_at` datetime NOT NULL,
  `updated_at` datetime NOT NULL
) ENGINE=InnoDB DEFAULT CHARSET=latin1;

--
-- Dumping data untuk tabel `settings`
--

INSERT INTO `settings` (`id`, `meta_key`, `meta_value`, `created_at`, `updated_at`) VALUES
(1, 'company_name', 'Web Media Inc.', '0000-00-00 00:00:00', '2017-07-15 13:20:38'),
(2, 'company_address', 'Banyuwangi', '0000-00-00 00:00:00', '2017-07-15 13:20:38'),
(3, 'company_phone_number', '082537261937', '0000-00-00 00:00:00', '2017-07-15 13:20:38'),
(4, 'company_email', 'webmedia@gmail.com', '0000-00-00 00:00:00', '2017-06-04 06:33:43'),
(5, 'client_key', 'VT-client-2SbaV2Iil_nhlYJJ', '0000-00-00 00:00:00', '0000-00-00 00:00:00'),
(6, 'server_key', 'VT-server-c8o4oOrv8f9cEI9Mx36qJXiN', '0000-00-00 00:00:00', '0000-00-00 00:00:00');

-- --------------------------------------------------------

--
-- Struktur dari tabel `students`
--

CREATE TABLE `students` (
  `id` int(11) NOT NULL,
  `students_group_id` int(11) NOT NULL,
  `students_status_id` int(11) NOT NULL,
  `users_id` int(11) NOT NULL,
  `student_nis` varchar(11) NOT NULL,
  `student_name` varchar(45) NOT NULL,
  `gender` enum('L','P') DEFAULT NULL,
  `birthplace` varchar(45) DEFAULT NULL,
  `birthdate` date DEFAULT NULL,
  `email` varchar(45) NOT NULL,
  `phone_number` varchar(45) NOT NULL,
  `address` text DEFAULT NULL,
  `created_at` datetime NOT NULL,
  `updated_at` datetime NOT NULL,
  `softdelete` enum('0','1') NOT NULL DEFAULT '0'
) ENGINE=InnoDB DEFAULT CHARSET=latin1;

--
-- Dumping data untuk tabel `students`
--

INSERT INTO `students` (`id`, `students_group_id`, `students_status_id`, `users_id`, `student_nis`, `student_name`, `gender`, `birthplace`, `birthdate`, `email`, `phone_number`, `address`, `created_at`, `updated_at`, `softdelete`) VALUES
(3, 3, 1, 5, '1578009093', 'Ciko Ciki Tita', 'L', 'Banyuwangi', '2002-03-12', 'cikocik@gmail.com', '082637263732', 'Songgon', '2020-01-27 16:38:34', '2020-01-27 17:32:53', '0'),
(4, 3, 1, 6, '1578999120', 'Bayu Setiawan', 'L', 'Banyuwangi', '2002-01-16', 'bayuseti12@gmail.com', '087638273611', 'Kumendung', '2020-01-27 20:09:14', '2020-01-27 20:09:14', '0');

-- --------------------------------------------------------

--
-- Struktur dari tabel `students_group`
--

CREATE TABLE `students_group` (
  `id` int(11) NOT NULL,
  `schools_group_id` int(11) NOT NULL,
  `students_level_id` int(11) NOT NULL,
  `students_group_name` varchar(45) NOT NULL,
  `teachers_id` int(11) NOT NULL,
  `created_at` datetime NOT NULL,
  `updated_at` datetime NOT NULL,
  `softdelete` enum('1','0') NOT NULL DEFAULT '0'
) ENGINE=InnoDB DEFAULT CHARSET=latin1;

--
-- Dumping data untuk tabel `students_group`
--

INSERT INTO `students_group` (`id`, `schools_group_id`, `students_level_id`, `students_group_name`, `teachers_id`, `created_at`, `updated_at`, `softdelete`) VALUES
(3, 3, 13, 'RPL 1', 2, '2020-01-27 17:30:53', '2020-01-27 17:30:53', '0'),
(4, 3, 13, 'TKJ 1', 3, '2020-01-27 17:31:58', '2020-01-27 17:31:58', '0'),
(5, 3, 13, 'TKR 1', 4, '2020-01-27 20:09:41', '2020-01-27 20:09:41', '0'),
(6, 3, 13, 'TSM 1', 5, '2020-01-27 20:09:58', '2020-01-27 20:09:58', '0');

-- --------------------------------------------------------

--
-- Struktur dari tabel `students_level`
--

CREATE TABLE `students_level` (
  `id` int(11) NOT NULL,
  `students_level_name` varchar(45) NOT NULL,
  `created_at` datetime NOT NULL,
  `updated_at` datetime NOT NULL,
  `softdelete` enum('0','1') NOT NULL DEFAULT '0'
) ENGINE=InnoDB DEFAULT CHARSET=latin1;

--
-- Dumping data untuk tabel `students_level`
--

INSERT INTO `students_level` (`id`, `students_level_name`, `created_at`, `updated_at`, `softdelete`) VALUES
(1, 'Kelas I', '2018-05-09 17:41:40', '2018-05-11 10:48:50', '1'),
(2, 'Kelas II', '0000-00-00 00:00:00', '0000-00-00 00:00:00', '1'),
(3, 'Kelas III', '0000-00-00 00:00:00', '0000-00-00 00:00:00', '1'),
(4, 'Kelas IV', '0000-00-00 00:00:00', '0000-00-00 00:00:00', '1'),
(5, 'Kelas V', '0000-00-00 00:00:00', '0000-00-00 00:00:00', '1'),
(6, 'Kelas VI', '0000-00-00 00:00:00', '2018-08-27 07:35:15', '1'),
(7, 'Kelas VII', '0000-00-00 00:00:00', '0000-00-00 00:00:00', '1'),
(8, 'Kelas VIII', '0000-00-00 00:00:00', '0000-00-00 00:00:00', '1'),
(9, 'Kelas IX', '0000-00-00 00:00:00', '0000-00-00 00:00:00', '1'),
(10, 'Kelas X', '0000-00-00 00:00:00', '0000-00-00 00:00:00', '1'),
(11, 'Kelas XI', '0000-00-00 00:00:00', '0000-00-00 00:00:00', '0'),
(12, 'Kelas XII', '0000-00-00 00:00:00', '0000-00-00 00:00:00', '0'),
(13, 'Kelas X', '2020-01-27 17:30:26', '2020-01-27 17:30:26', '0');

-- --------------------------------------------------------

--
-- Struktur dari tabel `students_status`
--

CREATE TABLE `students_status` (
  `id` int(11) NOT NULL,
  `students_status_name` varchar(45) NOT NULL,
  `created_at` datetime NOT NULL,
  `updated_at` datetime NOT NULL,
  `softdelete` enum('0','1') NOT NULL DEFAULT '0'
) ENGINE=InnoDB DEFAULT CHARSET=latin1;

--
-- Dumping data untuk tabel `students_status`
--

INSERT INTO `students_status` (`id`, `students_status_name`, `created_at`, `updated_at`, `softdelete`) VALUES
(1, 'Aktif', '2018-05-09 17:41:40', '2018-05-11 10:48:50', '0'),
(2, 'Lulus', '0000-00-00 00:00:00', '0000-00-00 00:00:00', '0'),
(3, 'Pindah', '0000-00-00 00:00:00', '0000-00-00 00:00:00', '0'),
(4, 'Mengundurkan Diri', '0000-00-00 00:00:00', '0000-00-00 00:00:00', '0'),
(5, 'Drop Out', '0000-00-00 00:00:00', '0000-00-00 00:00:00', '0'),
(6, 'Putus Sekolah', '0000-00-00 00:00:00', '0000-00-00 00:00:00', '0');

-- --------------------------------------------------------

--
-- Struktur dari tabel `teachers`
--

CREATE TABLE `teachers` (
  `id` int(11) NOT NULL,
  `teachers_nik` varchar(11) NOT NULL,
  `teachers_name` varchar(45) NOT NULL,
  `gender` enum('L','P') DEFAULT NULL,
  `birthplace` varchar(45) DEFAULT NULL,
  `birthdate` date DEFAULT NULL,
  `email` varchar(45) NOT NULL,
  `phone_number` varchar(45) NOT NULL,
  `address` text DEFAULT NULL,
  `created_at` datetime NOT NULL,
  `updated_at` datetime NOT NULL,
  `softdelete` enum('0','1') NOT NULL DEFAULT '0'
) ENGINE=InnoDB DEFAULT CHARSET=latin1;

--
-- Dumping data untuk tabel `teachers`
--

INSERT INTO `teachers` (`id`, `teachers_nik`, `teachers_name`, `gender`, `birthplace`, `birthdate`, `email`, `phone_number`, `address`, `created_at`, `updated_at`, `softdelete`) VALUES
(1, '111603219', 'Ajeng Zanna Tirahna', 'P', 'Padang', '2018-08-27', 'ajeng@gmail.com', '081267544082', 'Batam', '2018-08-27 09:36:16', '2018-08-27 09:46:15', '1'),
(2, '00238493844', 'Hilal Pratama S.Kom', 'L', 'Banyuwangi', '1990-01-17', 'hilalpratama@gmail.com', '082665483434', 'Banyuwangi', '2020-01-27 17:28:06', '2020-01-27 17:28:06', '0'),
(3, '82034890982', 'Zetta Ennika Aracy S.Kom', 'P', 'Banyuwangi', '1991-04-17', 'zettaennika@gmail.com', '082783767823', 'Banyuwangi', '2020-01-27 17:31:42', '2020-01-27 17:31:42', '0'),
(4, '87345897349', 'Atika Cahya Ningrum S.Pd', 'P', 'Banyuwangi', '1986-01-27', 'atikacahya@gmail.com', '081728274928', 'Lateng, Rogojampi', '2020-01-27 19:40:39', '2020-01-27 19:40:39', '0'),
(5, '82734720934', 'Anita Herlina', 'P', 'Banyuwangi', '1988-04-12', 'anitaherlina@gmail.com', '081728740002', 'Pekiwen, Blimbingsari', '2020-01-27 19:41:34', '2020-01-27 19:41:34', '0');

-- --------------------------------------------------------

--
-- Struktur dari tabel `transactions`
--

CREATE TABLE `transactions` (
  `id` int(11) NOT NULL,
  `invoice_number` char(12) NOT NULL,
  `students_id` int(11) NOT NULL,
  `transaction` enum('Capture','Deny','Expired','Cancel','Selesai','Pending') DEFAULT 'Pending',
  `type` varchar(45) DEFAULT NULL,
  `amount` decimal(10,0) DEFAULT 0,
  `date` datetime DEFAULT NULL,
  `created_at` datetime NOT NULL,
  `updated_at` datetime NOT NULL,
  `softdelete` enum('0','1') NOT NULL DEFAULT '0'
) ENGINE=InnoDB DEFAULT CHARSET=utf32;

--
-- Dumping data untuk tabel `transactions`
--

INSERT INTO `transactions` (`id`, `invoice_number`, `students_id`, `transaction`, `type`, `amount`, `date`, `created_at`, `updated_at`, `softdelete`) VALUES
(7, '202001270007', 3, 'Selesai', '', '100000', '2020-01-27 16:42:49', '2020-01-27 16:42:49', '2020-01-27 18:18:31', '0'),
(8, '202001270008', 3, 'Selesai', '', '100000', '2020-01-27 18:14:34', '2020-01-27 18:14:34', '2020-01-27 18:14:34', '1'),
(9, '202001270009', 3, 'Selesai', '', '120000', '2020-01-27 19:00:38', '2020-01-27 19:00:38', '2020-01-27 19:00:59', '0'),
(10, '202001280004', 4, 'Selesai', '', '100000', '2020-01-28 11:09:04', '2020-01-28 11:09:04', '2020-01-28 11:31:07', '0'),
(11, '202001280005', 4, 'Selesai', '', '100000', '2020-01-28 11:34:27', '2020-01-28 11:34:27', '2020-01-28 11:34:41', '0'),
(12, '202001280006', 4, 'Selesai', '', '100000', '2020-01-28 11:49:12', '2020-01-28 11:49:12', '2020-01-28 11:49:28', '0'),
(13, '202001280007', 4, 'Selesai', '', '120000', '2020-01-28 11:52:03', '2020-01-28 11:52:03', '2020-01-28 11:52:13', '0'),
(14, '202012020008', 3, 'Pending', '', '40000', '2020-12-02 22:33:59', '2020-12-02 22:33:59', '2020-12-02 22:33:59', '1'),
(15, '202012020009', 3, 'Selesai', '', '40000', '2020-12-02 22:35:50', '2020-12-02 22:35:50', '2020-12-02 22:36:15', '0');

-- --------------------------------------------------------

--
-- Struktur dari tabel `transaction_details`
--

CREATE TABLE `transaction_details` (
  `id` int(11) NOT NULL,
  `transaction_id` int(11) NOT NULL,
  `bills_id` int(11) NOT NULL,
  `bills_category_id` int(11) NOT NULL,
  `bills_name` varchar(100) NOT NULL,
  `bills_amount` decimal(10,0) NOT NULL,
  `created_at` datetime NOT NULL,
  `updated_at` datetime NOT NULL,
  `softdelete` enum('0','1') NOT NULL DEFAULT '0'
) ENGINE=InnoDB DEFAULT CHARSET=latin1;

--
-- Dumping data untuk tabel `transaction_details`
--

INSERT INTO `transaction_details` (`id`, `transaction_id`, `bills_id`, `bills_category_id`, `bills_name`, `bills_amount`, `created_at`, `updated_at`, `softdelete`) VALUES
(11, 7, 17, 7, 'Pembayaran SPP', '100000', '2020-01-27 16:42:49', '2020-01-27 16:42:49', '0'),
(12, 8, 17, 7, 'Pembayaran SPP', '100000', '2020-01-27 18:14:34', '2020-01-27 18:14:34', '1'),
(13, 9, 18, 6, 'Pembayaran Ujian Smester Genap', '120000', '2020-01-27 19:00:38', '2020-01-27 19:00:38', '0'),
(14, 10, 19, 7, 'Pembayaran SPP Januari', '100000', '2020-01-28 11:09:04', '2020-01-28 11:09:04', '0'),
(15, 11, 19, 7, 'Pembayaran SPP Januari', '100000', '2020-01-28 11:34:27', '2020-01-28 11:34:27', '0'),
(16, 12, 19, 7, 'Pembayaran SPP Januari', '100000', '2020-01-28 11:49:13', '2020-01-28 11:49:13', '0'),
(17, 13, 20, 6, 'Ujian Semester Genap', '120000', '2020-01-28 11:52:03', '2020-01-28 11:52:03', '0'),
(18, 14, 22, 3, 'xcv', '40000', '2020-12-02 22:34:00', '2020-12-02 22:34:00', '1'),
(19, 15, 22, 3, 'xcv', '40000', '2020-12-02 22:35:50', '2020-12-02 22:35:50', '0');

-- --------------------------------------------------------

--
-- Struktur dari tabel `users`
--

CREATE TABLE `users` (
  `id` int(11) NOT NULL,
  `group_id` int(11) NOT NULL,
  `username` varchar(30) NOT NULL,
  `name` varchar(45) NOT NULL,
  `email` varchar(45) NOT NULL,
  `password` varchar(128) NOT NULL,
  `foto` varchar(30) DEFAULT NULL,
  `created_at` datetime NOT NULL,
  `updated_at` datetime NOT NULL,
  `softdelete` enum('0','1') NOT NULL DEFAULT '0'
) ENGINE=InnoDB DEFAULT CHARSET=latin1;

--
-- Dumping data untuk tabel `users`
--

INSERT INTO `users` (`id`, `group_id`, `username`, `name`, `email`, `password`, `foto`, `created_at`, `updated_at`, `softdelete`) VALUES
(1, 1, 'dafidpr', 'Dafid Prasetyo', 'admin@gmail.com', '123456', 'default_dosen.png', '2018-05-09 16:37:31', '2018-05-09 16:37:34', '0'),
(2, 2, 'rahayu', 'Rahayu Putri Utami', 'rahayu@gmail.com', '123456', 'default_dosen_2.png', '0000-00-00 00:00:00', '0000-00-00 00:00:00', '0'),
(5, 3, '1578009093', 'Ciko Ciki Tita', 'cikocik@gmail.com', '1578009093', NULL, '2020-01-27 16:38:34', '2020-01-27 16:38:34', '0'),
(6, 3, '1578999120', 'Bayu Setiawan', 'bayuseti12@gmail.com', '1578999120', NULL, '2020-01-27 20:09:14', '2020-01-27 20:09:14', '0');

--
-- Indexes for dumped tables
--

--
-- Indeks untuk tabel `bills`
--
ALTER TABLE `bills`
  ADD PRIMARY KEY (`id`),
  ADD KEY `students_id` (`students_id`),
  ADD KEY `jenisbiaya_id` (`bills_category_id`),
  ADD KEY `users_id` (`users_id`);

--
-- Indeks untuk tabel `bills_category`
--
ALTER TABLE `bills_category`
  ADD PRIMARY KEY (`id`);

--
-- Indeks untuk tabel `bills_status`
--
ALTER TABLE `bills_status`
  ADD PRIMARY KEY (`id`);

--
-- Indeks untuk tabel `ci_sessions`
--
ALTER TABLE `ci_sessions`
  ADD KEY `ci_sessions_timestamp` (`timestamp`);

--
-- Indeks untuk tabel `groups`
--
ALTER TABLE `groups`
  ADD PRIMARY KEY (`id`);

--
-- Indeks untuk tabel `menus`
--
ALTER TABLE `menus`
  ADD PRIMARY KEY (`id`);

--
-- Indeks untuk tabel `periode`
--
ALTER TABLE `periode`
  ADD PRIMARY KEY (`id`);

--
-- Indeks untuk tabel `privileges`
--
ALTER TABLE `privileges`
  ADD PRIMARY KEY (`id`),
  ADD KEY `group_id` (`group_id`),
  ADD KEY `menu_id` (`menu_id`);

--
-- Indeks untuk tabel `schools_group`
--
ALTER TABLE `schools_group`
  ADD PRIMARY KEY (`id`),
  ADD KEY `id` (`id`,`schools_group_name`);

--
-- Indeks untuk tabel `settings`
--
ALTER TABLE `settings`
  ADD PRIMARY KEY (`id`);

--
-- Indeks untuk tabel `students`
--
ALTER TABLE `students`
  ADD PRIMARY KEY (`id`),
  ADD KEY `students_group_id` (`students_group_id`) USING BTREE,
  ADD KEY `id` (`id`);

--
-- Indeks untuk tabel `students_group`
--
ALTER TABLE `students_group`
  ADD PRIMARY KEY (`id`),
  ADD KEY `StudentsLevelID` (`students_level_id`),
  ADD KEY `SchoolSGroupID` (`schools_group_id`),
  ADD KEY `TeachersID` (`teachers_id`);

--
-- Indeks untuk tabel `students_level`
--
ALTER TABLE `students_level`
  ADD PRIMARY KEY (`id`),
  ADD KEY `id` (`id`,`students_level_name`);

--
-- Indeks untuk tabel `students_status`
--
ALTER TABLE `students_status`
  ADD PRIMARY KEY (`id`);

--
-- Indeks untuk tabel `teachers`
--
ALTER TABLE `teachers`
  ADD PRIMARY KEY (`id`),
  ADD KEY `id` (`id`);

--
-- Indeks untuk tabel `transactions`
--
ALTER TABLE `transactions`
  ADD PRIMARY KEY (`id`,`students_id`),
  ADD UNIQUE KEY `invoice_number` (`invoice_number`) USING BTREE,
  ADD KEY `students_id` (`students_id`),
  ADD KEY `id` (`id`);

--
-- Indeks untuk tabel `transaction_details`
--
ALTER TABLE `transaction_details`
  ADD PRIMARY KEY (`id`);

--
-- Indeks untuk tabel `users`
--
ALTER TABLE `users`
  ADD PRIMARY KEY (`id`),
  ADD KEY `group_id` (`group_id`);

--
-- AUTO_INCREMENT untuk tabel yang dibuang
--

--
-- AUTO_INCREMENT untuk tabel `bills`
--
ALTER TABLE `bills`
  MODIFY `id` int(11) NOT NULL AUTO_INCREMENT, AUTO_INCREMENT=23;

--
-- AUTO_INCREMENT untuk tabel `bills_category`
--
ALTER TABLE `bills_category`
  MODIFY `id` int(11) NOT NULL AUTO_INCREMENT, AUTO_INCREMENT=10;

--
-- AUTO_INCREMENT untuk tabel `bills_status`
--
ALTER TABLE `bills_status`
  MODIFY `id` int(11) NOT NULL AUTO_INCREMENT, AUTO_INCREMENT=3;

--
-- AUTO_INCREMENT untuk tabel `groups`
--
ALTER TABLE `groups`
  MODIFY `id` int(11) NOT NULL AUTO_INCREMENT, AUTO_INCREMENT=4;

--
-- AUTO_INCREMENT untuk tabel `menus`
--
ALTER TABLE `menus`
  MODIFY `id` int(11) NOT NULL AUTO_INCREMENT, AUTO_INCREMENT=28;

--
-- AUTO_INCREMENT untuk tabel `periode`
--
ALTER TABLE `periode`
  MODIFY `id` int(11) NOT NULL AUTO_INCREMENT, AUTO_INCREMENT=2;

--
-- AUTO_INCREMENT untuk tabel `privileges`
--
ALTER TABLE `privileges`
  MODIFY `id` int(11) NOT NULL AUTO_INCREMENT, AUTO_INCREMENT=852;

--
-- AUTO_INCREMENT untuk tabel `schools_group`
--
ALTER TABLE `schools_group`
  MODIFY `id` int(11) NOT NULL AUTO_INCREMENT, AUTO_INCREMENT=4;

--
-- AUTO_INCREMENT untuk tabel `settings`
--
ALTER TABLE `settings`
  MODIFY `id` int(11) NOT NULL AUTO_INCREMENT, AUTO_INCREMENT=7;

--
-- AUTO_INCREMENT untuk tabel `students`
--
ALTER TABLE `students`
  MODIFY `id` int(11) NOT NULL AUTO_INCREMENT, AUTO_INCREMENT=5;

--
-- AUTO_INCREMENT untuk tabel `students_group`
--
ALTER TABLE `students_group`
  MODIFY `id` int(11) NOT NULL AUTO_INCREMENT, AUTO_INCREMENT=7;

--
-- AUTO_INCREMENT untuk tabel `students_level`
--
ALTER TABLE `students_level`
  MODIFY `id` int(11) NOT NULL AUTO_INCREMENT, AUTO_INCREMENT=14;

--
-- AUTO_INCREMENT untuk tabel `students_status`
--
ALTER TABLE `students_status`
  MODIFY `id` int(11) NOT NULL AUTO_INCREMENT, AUTO_INCREMENT=7;

--
-- AUTO_INCREMENT untuk tabel `teachers`
--
ALTER TABLE `teachers`
  MODIFY `id` int(11) NOT NULL AUTO_INCREMENT, AUTO_INCREMENT=9;

--
-- AUTO_INCREMENT untuk tabel `transactions`
--
ALTER TABLE `transactions`
  MODIFY `id` int(11) NOT NULL AUTO_INCREMENT, AUTO_INCREMENT=16;

--
-- AUTO_INCREMENT untuk tabel `transaction_details`
--
ALTER TABLE `transaction_details`
  MODIFY `id` int(11) NOT NULL AUTO_INCREMENT, AUTO_INCREMENT=20;

--
-- AUTO_INCREMENT untuk tabel `users`
--
ALTER TABLE `users`
  MODIFY `id` int(11) NOT NULL AUTO_INCREMENT, AUTO_INCREMENT=7;

--
-- Ketidakleluasaan untuk tabel pelimpahan (Dumped Tables)
--

--
-- Ketidakleluasaan untuk tabel `privileges`
--
ALTER TABLE `privileges`
  ADD CONSTRAINT `privileges_ibfk_1` FOREIGN KEY (`group_id`) REFERENCES `groups` (`id`) ON UPDATE CASCADE,
  ADD CONSTRAINT `privileges_ibfk_2` FOREIGN KEY (`menu_id`) REFERENCES `menus` (`id`) ON UPDATE CASCADE;

--
-- Ketidakleluasaan untuk tabel `students_group`
--
ALTER TABLE `students_group`
  ADD CONSTRAINT `SchoolSGroupID` FOREIGN KEY (`schools_group_id`) REFERENCES `schools_group` (`id`) ON DELETE CASCADE ON UPDATE CASCADE,
  ADD CONSTRAINT `StudentsLevelID` FOREIGN KEY (`students_level_id`) REFERENCES `students_level` (`id`) ON DELETE CASCADE ON UPDATE CASCADE,
  ADD CONSTRAINT `TeachersID` FOREIGN KEY (`teachers_id`) REFERENCES `teachers` (`id`) ON DELETE CASCADE ON UPDATE CASCADE;

--
-- Ketidakleluasaan untuk tabel `users`
--
ALTER TABLE `users`
  ADD CONSTRAINT `users_ibfk_1` FOREIGN KEY (`group_id`) REFERENCES `groups` (`id`) ON UPDATE CASCADE;
COMMIT;

/*!40101 SET CHARACTER_SET_CLIENT=@OLD_CHARACTER_SET_CLIENT */;
/*!40101 SET CHARACTER_SET_RESULTS=@OLD_CHARACTER_SET_RESULTS */;
/*!40101 SET COLLATION_CONNECTION=@OLD_COLLATION_CONNECTION */;
